Sample,ETCO2,ETO2,ScalcO2,RR,dev60_SpO2,dev60_HR,dev60_PI,dev59_SpO2,dev59_HR,dev59_PI,Timestamp
,,,,,79.0,88.0,0.8,100.0,59.0,7.0,14:35:01
,,,,,100.0,57.0,1.4,100.0,58.0,5.0,14:35:01
,,,,,100.0,54.0,1.4,100.0,60.0,6.0,14:35:02
,,,,,100.0,61.0,1.4,100.0,60.0,6.0,14:35:02
,,,,,100.0,62.0,1.4,100.0,60.0,6.0,14:35:03
,,,,,100.0,62.0,1.4,100.0,60.0,6.0,14:35:03
,,,,,100.0,55.0,1.4,97.0,60.0,6.0,14:35:04
,,,,,100.0,55.0,1.4,96.0,60.0,5.0,14:35:04
,,,,,100.0,55.0,1.4,96.0,60.0,5.0,14:35:05
,,,,,100.0,60.0,1.4,96.0,60.0,5.0,14:35:05
,,,,,100.0,60.0,1.4,96.0,60.0,5.0,14:35:06
,,,,,100.0,60.0,1.4,96.0,60.0,5.0,14:35:06
,,,,,100.0,56.0,1.4,96.0,60.0,5.0,14:35:07
,,,,,100.0,56.0,1.4,96.0,60.0,5.0,14:35:07
,,,,,100.0,59.0,1.4,96.0,60.0,5.0,14:35:08
,,,,,100.0,59.0,1.4,96.0,60.0,5.0,14:35:08
,,,,,100.0,58.0,1.4,96.0,60.0,5.0,14:35:09
,,,,,100.0,58.0,1.4,98.0,60.0,4.0,14:35:09
,,,,,100.0,56.0,1.4,98.0,60.0,4.0,14:35:10
,,,,,100.0,56.0,1.4,98.0,60.0,4.0,14:35:10
,,,,,100.0,56.0,1.4,98.0,60.0,4.0,14:35:11
,,,,,100.0,56.0,1.4,98.0,60.0,5.0,14:35:11
,,,,,100.0,56.0,1.4,98.0,60.0,5.0,14:35:12
,,,,,100.0,56.0,1.4,98.0,60.0,5.0,14:35:12
,,,,,100.0,58.0,1.4,98.0,60.0,5.0,14:35:13
,,,,,100.0,58.0,1.4,99.0,59.0,13.0,14:35:13
,,,,,100.0,58.0,1.4,99.0,59.0,13.0,14:35:14
,,,,,100.0,58.0,1.4,99.0,59.0,13.0,14:35:14
,,,,,100.0,58.0,1.4,99.0,59.0,13.0,14:35:15
,,,,,100.0,58.0,1.4,99.0,59.0,5.0,14:35:15
,,,,,100.0,59.0,1.4,99.0,59.0,5.0,14:35:16
,,,,,100.0,59.0,1.4,99.0,59.0,5.0,14:35:16
,,,,,100.0,61.0,1.4,99.0,59.0,5.0,14:35:17
,,,,,100.0,61.0,1.4,99.0,59.0,5.0,14:35:17
,,,,,100.0,61.0,1.4,99.0,59.0,5.0,14:35:18
,,,,,100.0,61.0,1.4,99.0,59.0,5.0,14:35:18
,,,,,100.0,61.0,1.4,99.0,59.0,5.0,14:35:19
,,,,,100.0,61.0,1.4,98.0,58.0,6.0,14:35:19
,,,,,100.0,61.0,1.4,98.0,58.0,6.0,14:35:20
,,,,,100.0,61.0,1.4,98.0,58.0,6.0,14:35:20
,,,,,100.0,63.0,1.4,98.0,58.0,6.0,14:35:21
,,,,,100.0,63.0,1.4,97.0,56.0,6.0,14:35:21
,,,,,100.0,62.0,1.4,97.0,56.0,6.0,14:35:22
,,,,,100.0,62.0,1.4,97.0,56.0,6.0,14:35:22
,,,,,100.0,59.0,1.4,97.0,56.0,6.0,14:35:23
,,,,,100.0,59.0,1.4,97.0,58.0,4.0,14:35:23
,,,,,100.0,59.0,1.4,97.0,58.0,4.0,14:35:24
,,,,,100.0,59.0,1.4,97.0,58.0,4.0,14:35:24
,,,,,100.0,58.0,1.4,97.0,58.0,4.0,14:35:25
,,,,,100.0,58.0,1.4,97.0,58.0,6.0,14:35:25
,,,,,100.0,59.0,1.5,97.0,58.0,6.0,14:35:26
,,,,,100.0,59.0,1.5,97.0,58.0,6.0,14:35:26
,,,,,100.0,58.0,1.5,97.0,58.0,6.0,14:35:27
,,,,,100.0,58.0,1.5,98.0,58.0,8.0,14:35:27
,,,,,100.0,61.0,1.5,98.0,58.0,8.0,14:35:28
,,,,,100.0,61.0,1.5,98.0,58.0,8.0,14:35:28
,,,,,100.0,61.0,1.5,98.0,58.0,8.0,14:35:29
,,,,,100.0,61.0,1.5,98.0,59.0,5.0,14:35:29
,,,,,100.0,60.0,1.5,98.0,59.0,5.0,14:35:30
,,,,,100.0,60.0,1.5,98.0,59.0,5.0,14:35:30
,,,,,100.0,60.0,1.5,98.0,59.0,5.0,14:35:31
,,,,,100.0,60.0,1.5,97.0,60.0,5.0,14:35:31
,,,,,100.0,58.0,1.5,97.0,60.0,5.0,14:35:32
,,,,,100.0,58.0,1.5,97.0,60.0,5.0,14:35:32
,,,,,100.0,59.0,1.5,97.0,60.0,5.0,14:35:33
,,,,,100.0,59.0,1.5,96.0,61.0,3.0,14:35:33
,,,,,100.0,62.0,1.5,96.0,61.0,3.0,14:35:34
,,,,,100.0,62.0,1.5,96.0,61.0,3.0,14:35:34
,,,,,100.0,62.0,1.5,96.0,61.0,3.0,14:35:35
,,,,,100.0,62.0,1.5,95.0,60.0,4.0,14:35:35
,,,,,100.0,62.0,1.5,95.0,60.0,4.0,14:35:36
,,,,,100.0,62.0,1.5,95.0,60.0,4.0,14:35:36
,,,,,100.0,62.0,1.5,95.0,60.0,4.0,14:35:37
,,,,,100.0,62.0,1.5,95.0,56.0,5.0,14:35:37
,,,,,99.0,62.0,1.5,95.0,56.0,5.0,14:35:38
,,,,,99.0,62.0,1.5,95.0,56.0,5.0,14:35:38
,,,,,99.0,57.0,1.5,95.0,56.0,5.0,14:35:39
,,,,,99.0,57.0,1.5,96.0,56.0,7.0,14:35:39
,,,,,99.0,57.0,1.5,96.0,56.0,7.0,14:35:40
,,,,,99.0,57.0,1.5,96.0,56.0,7.0,14:35:40
,,,,,99.0,57.0,1.5,96.0,56.0,7.0,14:35:41
,,,,,99.0,57.0,1.5,96.0,56.0,8.0,14:35:41
,,,,,99.0,56.0,1.5,96.0,56.0,8.0,14:35:42
,,,,,99.0,56.0,1.5,96.0,56.0,8.0,14:35:42
,,,,,99.0,56.0,1.5,96.0,56.0,8.0,14:35:43
,,,,,99.0,56.0,1.5,97.0,58.0,7.0,14:35:43
,,,,,98.0,53.0,1.5,97.0,58.0,7.0,14:35:44
,,,,,98.0,53.0,1.5,97.0,58.0,7.0,14:35:44
,,,,,98.0,53.0,1.5,97.0,58.0,7.0,14:35:45
,,,,,98.0,53.0,1.5,97.0,59.0,6.0,14:35:45
,,,,,98.0,53.0,1.5,97.0,59.0,6.0,14:35:46
,,,,,98.0,53.0,1.5,97.0,59.0,6.0,14:35:46
,,,,,98.0,53.0,1.5,97.0,59.0,6.0,14:35:47
,,,,,98.0,53.0,1.5,97.0,59.0,7.0,14:35:47
,,,,,98.0,53.0,1.5,97.0,59.0,7.0,14:35:48
,,,,,98.0,53.0,1.5,97.0,59.0,7.0,14:35:48
,,,,,98.0,53.0,1.5,97.0,59.0,7.0,14:35:49
,,,,,98.0,53.0,1.5,98.0,60.0,6.0,14:35:49
,,,,,98.0,56.0,1.5,98.0,60.0,6.0,14:35:50
,,,,,98.0,56.0,1.5,98.0,60.0,6.0,14:35:50
,,,,,98.0,56.0,1.5,98.0,60.0,6.0,14:35:51
,,,,,98.0,56.0,1.5,98.0,60.0,6.0,14:35:51
,,,,,98.0,57.0,1.5,98.0,60.0,6.0,14:35:52
,,,,,98.0,57.0,1.5,98.0,60.0,6.0,14:35:52
,,,,,98.0,58.0,1.5,97.0,61.0,4.0,14:35:53
,,,,,98.0,58.0,1.5,96.0,62.0,3.0,14:35:53
,,,,,97.0,58.0,1.5,96.0,62.0,3.0,14:35:54
,,,,,97.0,58.0,1.5,96.0,62.0,3.0,14:35:54
,,,,,97.0,63.0,1.5,96.0,62.0,3.0,14:35:55
,,,,,97.0,63.0,1.5,95.0,61.0,6.0,14:35:55
,,,,,97.0,65.0,1.5,95.0,61.0,6.0,14:35:56
,,,,,97.0,65.0,1.5,95.0,61.0,6.0,14:35:56
,,,,,97.0,65.0,1.5,95.0,61.0,6.0,14:35:57
,,,,,97.0,65.0,1.5,93.0,61.0,5.0,14:35:57
,,,,,97.0,64.0,1.5,93.0,61.0,5.0,14:35:58
,,,,,97.0,64.0,1.5,93.0,61.0,5.0,14:35:58
,,,,,97.0,63.0,1.5,93.0,61.0,5.0,14:35:59
,,,,,97.0,63.0,1.5,92.0,61.0,10.0,14:35:59
,,,,,97.0,63.0,1.5,92.0,61.0,10.0,14:36:00
,,,,,97.0,63.0,1.5,92.0,61.0,10.0,14:36:00
,,,,,97.0,62.0,1.5,92.0,61.0,10.0,14:36:01
,,,,,97.0,62.0,1.5,92.0,62.0,5.0,14:36:01
,,,,,97.0,63.0,1.5,92.0,62.0,5.0,14:36:02
,,,,,97.0,63.0,1.5,92.0,62.0,5.0,14:36:02
,,,,,97.0,63.0,1.5,92.0,62.0,5.0,14:36:03
,,,,,97.0,63.0,1.5,93.0,62.0,5.0,14:36:03
,,,,,96.0,63.0,1.5,93.0,62.0,5.0,14:36:04
,,,,,96.0,63.0,1.5,93.0,62.0,5.0,14:36:04
,,,,,96.0,63.0,1.5,93.0,62.0,5.0,14:36:05
,,,,,96.0,63.0,1.5,92.0,63.0,7.0,14:36:05
,,,,,97.0,63.0,1.5,92.0,63.0,7.0,14:36:06
,,,,,97.0,63.0,1.5,92.0,63.0,7.0,14:36:06
,,,,,97.0,64.0,1.5,92.0,63.0,7.0,14:36:07
,,,,,97.0,64.0,1.5,92.0,63.0,7.0,14:36:07
,,,,,97.0,64.0,1.5,92.0,63.0,7.0,14:36:08
,,,,,97.0,64.0,1.5,92.0,63.0,7.0,14:36:08
,,,,,97.0,62.0,1.5,92.0,63.0,7.0,14:36:09
,,,,,97.0,62.0,1.5,93.0,61.0,6.0,14:36:09
,,,,,98.0,62.0,1.5,93.0,61.0,6.0,14:36:10
,,,,,98.0,62.0,1.5,93.0,61.0,6.0,14:36:10
,,,,,98.0,65.0,1.5,93.0,61.0,6.0,14:36:11
,,,,,98.0,65.0,1.5,93.0,63.0,5.0,14:36:11
,,,,,99.0,65.0,1.5,93.0,63.0,5.0,14:36:12
,,,,,99.0,65.0,1.5,93.0,63.0,5.0,14:36:12
,,,,,99.0,65.0,1.5,93.0,63.0,5.0,14:36:13
,,,,,99.0,65.0,1.5,93.0,63.0,5.0,14:36:13
,,,,,99.0,65.0,1.5,93.0,63.0,5.0,14:36:14
,,,,,99.0,65.0,1.5,93.0,63.0,5.0,14:36:14
,,,,,99.0,69.0,1.5,93.0,63.0,5.0,14:36:15
,,,,,99.0,69.0,1.5,94.0,62.0,6.0,14:36:15
,,,,,98.0,61.0,1.4,94.0,62.0,6.0,14:36:16
,,,,,98.0,61.0,1.4,94.0,62.0,6.0,14:36:16
,,,,,98.0,61.0,1.4,94.0,62.0,6.0,14:36:17
,,,,,98.0,61.0,1.4,95.0,61.0,5.0,14:36:17
,,,,,97.0,61.0,1.4,95.0,61.0,5.0,14:36:18
,,,,,97.0,61.0,1.4,95.0,61.0,5.0,14:36:18
,,,,,97.0,68.0,1.4,95.0,61.0,5.0,14:36:19
,,,,,97.0,68.0,1.4,96.0,59.0,5.0,14:36:19
,,,,,97.0,68.0,1.4,96.0,59.0,5.0,14:36:20
,,,,,97.0,68.0,1.4,96.0,59.0,5.0,14:36:20
,,,,,97.0,67.0,1.4,96.0,59.0,5.0,14:36:21
,,,,,97.0,67.0,1.4,97.0,56.0,7.0,14:36:21
,,,,,98.0,58.0,1.4,97.0,56.0,7.0,14:36:22
,,,,,98.0,58.0,1.4,97.0,56.0,7.0,14:36:22
,,,,,98.0,62.0,1.4,97.0,56.0,7.0,14:36:23
,,,,,98.0,62.0,1.4,98.0,57.0,7.0,14:36:23
,,,,,98.0,62.0,1.4,98.0,57.0,7.0,14:36:24
,,,,,98.0,62.0,1.4,98.0,57.0,7.0,14:36:24
,,,,,98.0,58.0,1.4,98.0,57.0,7.0,14:36:25
,,,,,98.0,58.0,1.4,98.0,57.0,10.0,14:36:25
,,,,,98.0,58.0,1.4,98.0,57.0,10.0,14:36:26
,,,,,98.0,58.0,1.4,98.0,57.0,10.0,14:36:26
,,,,,99.0,58.0,1.4,98.0,57.0,10.0,14:36:27
,,,,,99.0,58.0,1.4,98.0,54.0,8.0,14:36:27
,,,,,99.0,54.0,1.4,98.0,54.0,8.0,14:36:28
,,,,,99.0,54.0,1.4,98.0,54.0,8.0,14:36:28
,,,,,99.0,50.0,1.4,98.0,54.0,8.0,14:36:29
,,,,,99.0,50.0,1.4,98.0,57.0,7.0,14:36:29
,,,,,99.0,51.0,1.4,98.0,57.0,7.0,14:36:30
,,,,,99.0,51.0,1.4,98.0,57.0,7.0,14:36:30
,,,,,99.0,53.0,1.4,98.0,57.0,7.0,14:36:31
,,,,,99.0,53.0,1.4,98.0,56.0,7.0,14:36:31
,,,,,99.0,53.0,1.4,98.0,56.0,7.0,14:36:32
,,,,,99.0,53.0,1.4,98.0,56.0,7.0,14:36:32
,,,,,99.0,51.0,1.4,98.0,56.0,7.0,14:36:33
,,,,,99.0,51.0,1.4,98.0,56.0,6.0,14:36:33
,,,,,99.0,51.0,1.4,98.0,56.0,6.0,14:36:34
,,,,,99.0,51.0,1.4,98.0,56.0,6.0,14:36:34
,,,,,99.0,52.0,1.4,98.0,56.0,6.0,14:36:35
,,,,,99.0,52.0,1.4,98.0,56.0,5.0,14:36:35
,,,,,100.0,54.0,1.5,98.0,56.0,5.0,14:36:36
,,,,,100.0,54.0,1.5,98.0,56.0,5.0,14:36:36
,,,,,100.0,52.0,1.5,98.0,56.0,5.0,14:36:37
,,,,,100.0,52.0,1.5,98.0,56.0,5.0,14:36:37
,,,,,100.0,52.0,1.5,98.0,56.0,5.0,14:36:38
,,,,,100.0,52.0,1.5,98.0,56.0,5.0,14:36:38
,,,,,100.0,52.0,1.5,98.0,56.0,5.0,14:36:39
,,,,,100.0,52.0,1.5,98.0,57.0,4.0,14:36:39
,,,,,100.0,54.0,1.5,98.0,57.0,4.0,14:36:40
,,,,,100.0,54.0,1.5,98.0,57.0,4.0,14:36:40
,,,,,100.0,55.0,1.5,98.0,57.0,4.0,14:36:41
,,,,,100.0,55.0,1.5,98.0,57.0,4.0,14:36:41
,,,,,100.0,55.0,1.5,98.0,57.0,4.0,14:36:42
,,,,,100.0,55.0,1.5,98.0,57.0,4.0,14:36:42
,,,,,100.0,55.0,1.5,98.0,56.0,4.0,14:36:43
,,,,,100.0,55.0,1.5,98.0,57.0,8.0,14:36:43
,,,,,100.0,55.0,1.5,98.0,57.0,8.0,14:36:44
,,,,,100.0,55.0,1.5,98.0,57.0,8.0,14:36:44
,,,,,100.0,56.0,1.5,98.0,57.0,8.0,14:36:45
,,,,,100.0,56.0,1.5,99.0,55.0,8.0,14:36:45
,,,,,100.0,57.0,1.5,99.0,55.0,8.0,14:36:46
,,,,,100.0,57.0,1.5,99.0,55.0,8.0,14:36:46
,,,,,100.0,57.0,1.5,99.0,55.0,8.0,14:36:47
,,,,,100.0,57.0,1.5,98.0,55.0,6.0,14:36:47
,,,,,100.0,55.0,1.5,98.0,55.0,6.0,14:36:48
,,,,,100.0,55.0,1.5,98.0,55.0,6.0,14:36:48
,,,,,100.0,55.0,1.5,98.0,55.0,6.0,14:36:49
,,,,,100.0,55.0,1.5,99.0,55.0,7.0,14:36:49
,,,,,100.0,58.0,1.5,99.0,55.0,7.0,14:36:50
,,,,,100.0,58.0,1.5,99.0,55.0,7.0,14:36:50
,,,,,100.0,56.0,1.5,99.0,55.0,7.0,14:36:51
,,,,,100.0,56.0,1.5,98.0,56.0,5.0,14:36:51
,,,,,100.0,56.0,1.5,98.0,56.0,5.0,14:36:52
,,,,,100.0,56.0,1.5,98.0,56.0,5.0,14:36:52
,,,,,100.0,56.0,1.5,98.0,56.0,5.0,14:36:53
,,,,,100.0,56.0,1.5,99.0,58.0,5.0,14:36:53
,,,,,100.0,56.0,1.5,99.0,58.0,5.0,14:36:54
,,,,,100.0,56.0,1.5,99.0,58.0,5.0,14:36:54
,,,,,100.0,56.0,1.5,99.0,58.0,5.0,14:36:55
,,,,,100.0,56.0,1.5,99.0,57.0,5.0,14:36:55
,,,,,100.0,58.0,1.5,99.0,57.0,5.0,14:36:56
,,,,,100.0,58.0,1.5,99.0,57.0,5.0,14:36:56
,,,,,100.0,57.0,1.6,99.0,57.0,5.0,14:36:57
,,,,,100.0,57.0,1.6,98.0,56.0,4.0,14:36:57
,,,,,100.0,56.0,1.6,98.0,56.0,4.0,14:36:58
,,,,,100.0,56.0,1.6,98.0,56.0,4.0,14:36:58
,,,,,100.0,56.0,1.6,98.0,56.0,4.0,14:36:59
,,,,,100.0,56.0,1.6,98.0,57.0,4.0,14:36:59
,,,,,100.0,60.0,1.6,98.0,57.0,4.0,14:37:00
,,,,,100.0,60.0,1.6,98.0,57.0,4.0,14:37:00
,,,,,100.0,60.0,1.6,98.0,57.0,4.0,14:37:01
,,,,,100.0,60.0,1.6,98.0,57.0,5.0,14:37:01
,,,,,100.0,60.0,1.6,98.0,57.0,5.0,14:37:02
,,,,,100.0,60.0,1.6,98.0,57.0,5.0,14:37:02
,,,,,100.0,62.0,1.6,98.0,57.0,5.0,14:37:03
,,,,,100.0,62.0,1.6,98.0,57.0,5.0,14:37:03
,,,,,100.0,62.0,1.6,98.0,57.0,5.0,14:37:04
,,,,,100.0,62.0,1.6,98.0,57.0,5.0,14:37:04
,,,,,100.0,62.0,1.6,98.0,57.0,5.0,14:37:05
,,,,,100.0,62.0,1.6,95.0,56.0,7.0,14:37:05
,,,,,100.0,62.0,1.6,95.0,56.0,7.0,14:37:06
,,,,,100.0,62.0,1.6,95.0,56.0,7.0,14:37:06
,,,,,99.0,63.0,1.6,95.0,56.0,7.0,14:37:07
,,,,,99.0,63.0,1.6,94.0,58.0,5.0,14:37:07
,,,,,99.0,63.0,1.6,94.0,58.0,5.0,14:37:08
,,,,,99.0,63.0,1.6,94.0,58.0,5.0,14:37:08
,,,,,99.0,61.0,1.6,94.0,58.0,5.0,14:37:09
,,,,,99.0,61.0,1.6,94.0,58.0,10.0,14:37:09
,,,,,99.0,61.0,1.6,94.0,58.0,10.0,14:37:10
,,,,,99.0,61.0,1.6,94.0,58.0,10.0,14:37:10
,,,,,99.0,63.0,1.6,94.0,58.0,10.0,14:37:11
,,,,,99.0,63.0,1.6,95.0,58.0,25.0,14:37:11
,,,,,99.0,63.0,1.6,95.0,58.0,25.0,14:37:12
,,,,,99.0,63.0,1.6,95.0,58.0,25.0,14:37:12
,,,,,99.0,63.0,1.6,95.0,58.0,25.0,14:37:13
,,,,,99.0,63.0,1.6,93.0,59.0,20.0,14:37:13
,,,,,99.0,62.0,1.6,93.0,59.0,20.0,14:37:14
,,,,,99.0,62.0,1.6,93.0,59.0,20.0,14:37:14
,,,,,99.0,65.0,1.6,93.0,59.0,20.0,14:37:15
,,,,,99.0,65.0,1.6,93.0,60.0,8.0,14:37:15
,,,,,98.0,65.0,1.6,93.0,60.0,8.0,14:37:16
,,,,,98.0,65.0,1.6,93.0,60.0,8.0,14:37:16
,,,,,98.0,63.0,1.6,93.0,60.0,8.0,14:37:17
,,,,,98.0,63.0,1.6,93.0,63.0,8.0,14:37:17
,,,,,98.0,63.0,1.6,93.0,63.0,8.0,14:37:18
,,,,,98.0,63.0,1.6,93.0,63.0,8.0,14:37:18
,,,,,98.0,62.0,1.6,93.0,63.0,8.0,14:37:19
,,,,,98.0,62.0,1.6,94.0,65.0,5.0,14:37:19
,,,,,98.0,63.0,1.6,94.0,65.0,5.0,14:37:20
,,,,,98.0,63.0,1.6,94.0,65.0,5.0,14:37:20
,,,,,99.0,63.0,1.6,94.0,65.0,5.0,14:37:21
,,,,,99.0,63.0,1.6,95.0,63.0,6.0,14:37:21
,,,,,99.0,63.0,1.6,95.0,63.0,6.0,14:37:22
,,,,,99.0,63.0,1.6,95.0,63.0,6.0,14:37:22
,,,,,99.0,64.0,1.6,95.0,63.0,6.0,14:37:23
,,,,,99.0,64.0,1.6,97.0,63.0,10.0,14:37:23
,,,,,99.0,64.0,1.6,97.0,63.0,10.0,14:37:24
,,,,,99.0,64.0,1.6,97.0,63.0,10.0,14:37:24
,,,,,99.0,62.0,1.6,97.0,63.0,10.0,14:37:25
,,,,,99.0,62.0,1.6,98.0,63.0,7.0,14:37:25
,,,,,99.0,62.0,1.6,98.0,63.0,7.0,14:37:26
,,,,,99.0,62.0,1.6,98.0,63.0,7.0,14:37:26
1.0,,,,,99.0,62.0,1.6,98.0,63.0,7.0,14:37:27
1.0,,,,,99.0,62.0,1.6,99.0,63.0,7.0,14:37:27
,,,,,99.0,62.0,1.6,99.0,63.0,7.0,14:37:28
,,,,,99.0,62.0,1.6,99.0,63.0,7.0,14:37:28
,,,,,99.0,62.0,1.6,99.0,63.0,7.0,14:37:29
,,,,,99.0,62.0,1.6,97.0,60.0,6.0,14:37:29
,,,,,99.0,62.0,1.6,97.0,60.0,6.0,14:37:30
,,,,,99.0,62.0,1.6,97.0,60.0,6.0,14:37:30
,,,,,99.0,61.0,1.6,97.0,60.0,6.0,14:37:31
,,,,,99.0,61.0,1.6,97.0,60.0,6.0,14:37:31
,,,,,99.0,60.0,1.6,97.0,60.0,6.0,14:37:32
,,,,,99.0,60.0,1.6,97.0,60.0,6.0,14:37:32
,,,,,98.0,59.0,1.6,97.0,59.0,5.0,14:37:33
,,,,,98.0,59.0,1.6,96.0,59.0,5.0,14:37:33
,,,,,98.0,58.0,1.6,96.0,59.0,5.0,14:37:34
,,,,,98.0,58.0,1.6,96.0,59.0,5.0,14:37:34
,,,,,98.0,58.0,1.6,96.0,59.0,5.0,14:37:35
,,,,,98.0,58.0,1.6,96.0,60.0,5.0,14:37:35
,,,,,98.0,57.0,1.6,96.0,60.0,5.0,14:37:36
,,,,,98.0,57.0,1.6,96.0,60.0,5.0,14:37:36
,,,,,98.0,57.0,1.6,96.0,60.0,5.0,14:37:37
,,,,,98.0,57.0,1.6,95.0,60.0,5.0,14:37:37
,,,,,98.0,58.0,1.6,95.0,60.0,5.0,14:37:38
,,,,,98.0,58.0,1.6,95.0,60.0,5.0,14:37:38
,,,,,98.0,59.0,1.6,95.0,60.0,5.0,14:37:39
,,,,,98.0,59.0,1.6,97.0,60.0,5.0,14:37:39
,,,,,98.0,59.0,1.6,97.0,60.0,5.0,14:37:40
,,,,,98.0,59.0,1.6,97.0,60.0,5.0,14:37:40
,,,,,98.0,59.0,1.6,97.0,60.0,5.0,14:37:41
,,,,,98.0,59.0,1.6,97.0,59.0,6.0,14:37:41
,,,,,98.0,59.0,1.6,97.0,59.0,6.0,14:37:42
,,,,,98.0,59.0,1.6,97.0,59.0,6.0,14:37:42
,,,,,98.0,59.0,1.6,97.0,59.0,6.0,14:37:43
,,,,,98.0,59.0,1.6,97.0,58.0,6.0,14:37:43
,,,,,98.0,59.0,1.6,97.0,58.0,6.0,14:37:44
,,,,,98.0,59.0,1.6,97.0,58.0,6.0,14:37:44
,,,,,98.0,61.0,1.6,97.0,58.0,6.0,14:37:45
,,,,,98.0,61.0,1.6,97.0,58.0,5.0,14:37:45
,,,,,98.0,61.0,1.6,97.0,58.0,5.0,14:37:46
,,,,,98.0,61.0,1.6,97.0,58.0,5.0,14:37:46
,,,,,98.0,61.0,1.6,97.0,58.0,5.0,14:37:47
,,,,,98.0,61.0,1.6,96.0,58.0,5.0,14:37:47
,,,,,98.0,61.0,1.6,96.0,58.0,5.0,14:37:48
,,,,,98.0,61.0,1.6,96.0,58.0,5.0,14:37:48
,,,,,98.0,61.0,1.6,96.0,58.0,5.0,14:37:49
,,,,,98.0,61.0,1.6,96.0,59.0,5.0,14:37:49
,,,,,98.0,61.0,1.6,96.0,59.0,5.0,14:37:50
,,,,,98.0,61.0,1.6,96.0,59.0,5.0,14:37:50
,,,,,98.0,61.0,1.6,96.0,59.0,5.0,14:37:51
,,,,,98.0,61.0,1.6,96.0,60.0,6.0,14:37:51
,,,,,98.0,61.0,1.6,96.0,60.0,6.0,14:37:52
,,,,,98.0,61.0,1.6,96.0,60.0,6.0,14:37:52
,,,,,98.0,61.0,1.6,96.0,60.0,6.0,14:37:53
,,,,,98.0,61.0,1.6,96.0,59.0,5.0,14:37:53
,,,,,98.0,60.0,1.6,96.0,59.0,5.0,14:37:54
,,,,,98.0,60.0,1.6,96.0,59.0,5.0,14:37:54
,,,,,98.0,58.0,1.6,96.0,59.0,5.0,14:37:55
,,,,,98.0,58.0,1.6,96.0,62.0,7.0,14:37:55
,,,,,98.0,60.0,1.6,96.0,62.0,7.0,14:37:56
,,,,,98.0,60.0,1.6,96.0,62.0,7.0,14:37:56
,,,,,98.0,60.0,1.6,96.0,62.0,7.0,14:37:57
,,,,,98.0,60.0,1.6,97.0,62.0,6.0,14:37:57
,,,,,98.0,58.0,1.6,97.0,62.0,6.0,14:37:58
,,,,,98.0,58.0,1.6,97.0,62.0,6.0,14:37:58
,,,,,98.0,59.0,1.6,97.0,62.0,6.0,14:37:59
,,,,,98.0,59.0,1.6,97.0,61.0,5.0,14:37:59
,,,,,98.0,58.0,1.6,97.0,61.0,5.0,14:38:00
,,,,,98.0,58.0,1.6,97.0,61.0,5.0,14:38:00
,,,,,98.0,58.0,1.6,97.0,61.0,5.0,14:38:01
,,,,,98.0,58.0,1.6,97.0,58.0,7.0,14:38:01
,,,,,98.0,55.0,1.6,97.0,58.0,7.0,14:38:02
,,,,,98.0,55.0,1.6,97.0,58.0,7.0,14:38:02
,,,,,98.0,55.0,1.6,97.0,58.0,7.0,14:38:03
,,,,,98.0,55.0,1.6,97.0,58.0,7.0,14:38:03
,,,,,98.0,55.0,1.6,97.0,58.0,7.0,14:38:04
,,,,,98.0,55.0,1.6,97.0,58.0,7.0,14:38:04
,,,,,98.0,56.0,1.6,97.0,58.0,7.0,14:38:05
,,,,,98.0,56.0,1.6,97.0,58.0,9.0,14:38:05
,,,,,98.0,57.0,1.6,97.0,58.0,9.0,14:38:06
,,,,,98.0,57.0,1.6,97.0,58.0,9.0,14:38:06
,,,,,98.0,55.0,1.6,97.0,58.0,9.0,14:38:07
,,,,,98.0,55.0,1.6,97.0,58.0,9.0,14:38:07
,,,,,98.0,55.0,1.6,97.0,58.0,9.0,14:38:08
,,,,,98.0,55.0,1.6,97.0,58.0,9.0,14:38:08
,,,,,98.0,55.0,1.6,97.0,58.0,9.0,14:38:09
,,,,,98.0,55.0,1.6,98.0,59.0,8.0,14:38:09
,,,,,98.0,55.0,1.6,98.0,59.0,8.0,14:38:10
,,,,,98.0,55.0,1.6,98.0,59.0,8.0,14:38:10
,,,,,98.0,53.0,1.6,98.0,59.0,8.0,14:38:11
,,,,,98.0,53.0,1.6,98.0,62.0,6.0,14:38:11
,,,,,98.0,56.0,1.6,98.0,62.0,6.0,14:38:12
,,,,,98.0,56.0,1.6,98.0,62.0,6.0,14:38:12
,,,,,99.0,56.0,1.6,98.0,62.0,6.0,14:38:13
,,,,,99.0,56.0,1.6,97.0,62.0,5.0,14:38:13
,,,,,99.0,56.0,1.6,97.0,62.0,5.0,14:38:14
,,,,,99.0,56.0,1.6,97.0,62.0,5.0,14:38:14
,,,,,99.0,59.0,1.6,97.0,62.0,5.0,14:38:15
,,,,,99.0,59.0,1.6,97.0,58.0,6.0,14:38:15
,,,,,99.0,62.0,1.6,97.0,58.0,6.0,14:38:16
,,,,,99.0,62.0,1.6,97.0,58.0,6.0,14:38:16
,,,,,99.0,62.0,1.6,97.0,58.0,6.0,14:38:17
,,,,,99.0,62.0,1.6,97.0,62.0,7.0,14:38:17
,,,,,99.0,57.0,1.6,97.0,62.0,7.0,14:38:18
,,,,,99.0,57.0,1.6,97.0,62.0,7.0,14:38:18
,,,,,99.0,57.0,1.6,97.0,62.0,7.0,14:38:19
,,,,,99.0,57.0,1.6,97.0,60.0,8.0,14:38:19
,,,,,99.0,57.0,1.6,97.0,60.0,8.0,14:38:20
,,,,,99.0,57.0,1.6,97.0,60.0,8.0,14:38:20
,,,,,100.0,60.0,1.6,97.0,60.0,8.0,14:38:21
,,,,,100.0,60.0,1.6,97.0,60.0,8.0,14:38:21
,,,,,100.0,61.0,1.6,97.0,60.0,8.0,14:38:22
,,,,,100.0,61.0,1.6,97.0,60.0,8.0,14:38:22
,,,,,100.0,61.0,1.6,99.0,60.0,6.0,14:38:23
,,,,,100.0,61.0,1.6,99.0,61.0,5.0,14:38:23
,,,,,100.0,61.0,1.6,99.0,61.0,5.0,14:38:24
,,,,,100.0,61.0,1.6,99.0,61.0,5.0,14:38:24
,,,,,100.0,61.0,1.6,99.0,61.0,5.0,14:38:25
,,,,,100.0,61.0,1.6,99.0,60.0,10.0,14:38:25
,,,,,100.0,61.0,1.6,99.0,60.0,10.0,14:38:26
,,,,,100.0,61.0,1.6,99.0,60.0,10.0,14:38:26
,,,,,100.0,56.0,1.6,99.0,60.0,10.0,14:38:27
,,,,,100.0,56.0,1.6,98.0,60.0,12.0,14:38:27
,,,,,100.0,56.0,1.6,98.0,60.0,12.0,14:38:28
,,,,,100.0,56.0,1.6,98.0,60.0,12.0,14:38:28
,,,,,100.0,56.0,1.6,98.0,60.0,12.0,14:38:29
,,,,,100.0,56.0,1.6,96.0,60.0,5.0,14:38:29
,,,,,100.0,57.0,1.6,96.0,60.0,5.0,14:38:30
,,,,,100.0,57.0,1.6,96.0,60.0,5.0,14:38:30
,,,,,100.0,58.0,1.7,96.0,60.0,5.0,14:38:31
,,,,,100.0,58.0,1.7,96.0,60.0,5.0,14:38:31
,,,,,100.0,58.0,1.7,96.0,60.0,5.0,14:38:32
,,,,,100.0,58.0,1.7,96.0,60.0,5.0,14:38:32
,,,,,100.0,58.0,1.7,96.0,60.0,5.0,14:38:33
,,,,,100.0,58.0,1.7,97.0,62.0,5.0,14:38:33
,,,,,100.0,58.0,1.7,97.0,62.0,5.0,14:38:34
,,,,,100.0,58.0,1.7,97.0,62.0,5.0,14:38:34
,,,,,100.0,55.0,1.7,97.0,62.0,5.0,14:38:35
,,,,,100.0,55.0,1.7,97.0,64.0,6.0,14:38:35
,,,,,100.0,56.0,1.8,97.0,64.0,6.0,14:38:36
,,,,,100.0,56.0,1.8,97.0,64.0,6.0,14:38:36
,,,,,100.0,58.0,1.8,97.0,64.0,6.0,14:38:37
,,,,,100.0,58.0,1.8,95.0,65.0,5.0,14:38:37
,,,,,100.0,58.0,1.8,95.0,65.0,5.0,14:38:38
,,,,,100.0,58.0,1.8,95.0,65.0,5.0,14:38:38
,,,,,100.0,58.0,1.9,95.0,65.0,5.0,14:38:39
,,,,,100.0,58.0,1.9,94.0,65.0,6.0,14:38:39
,,,,,100.0,56.0,1.9,94.0,65.0,6.0,14:38:40
,,,,,100.0,56.0,1.9,94.0,65.0,6.0,14:38:40
